source_form,reading_date,week_id,meter_id,raw_reading,raw_unit,reader,note
forms/2026-W20.csv,2026-05-15,2026-W20,D.0026__FL01__MDB,6500.88,kWh,,
forms/2026-W20.csv,2026-05-15,2026-W20,T.0020__FL01__AP23,46.97,kWh,,
forms/2026-W20.csv,2026-05-15,2026-W20,T.0020__FL03__PPAC_3,403448.71,kWh,,
forms/2026-W20.csv,2026-05-15,2026-W20,D.0017__FL01__MDB,9363.81,kWh,,
forms/2026-W20.csv,2026-05-15,2026-W20,D.0017__FL01__ร้านค้า_1,9319.0,kWh,,
forms/2026-W20.csv,2026-05-15,2026-W20,D.0017__FL01__ร้านค้า_2,5182.0,kWh,,
forms/2026-W20.csv,2026-05-15,2026-W20,D.0017__FL01__ร้านค้า_4,2196.0,kWh,,
forms/2026-W20.csv,2026-05-15,2026-W20,D.0017__FL01__ร้านค้า_5,1886.0,kWh,,
forms/2026-W20.csv,2026-05-15,2026-W20,T.0014__FL01__MDB,425461.0,kWh,,
forms/2026-W20.csv,2026-05-15,2026-W20,T.0015__FL01__MDB,538249.0,kWh,,
forms/2026-W20.csv,2026-05-15,2026-W20,T.0017__FL01__MDB,337647.0,kWh,,
forms/2026-W20.csv,2026-05-15,2026-W20,T.0018__FL01__MDB,292180.0,kWh,,
forms/2026-W20.csv,2026-05-15,2026-W20,D.0019__FL01__MDB,194851.0,kWh,,
forms/2026-W20.csv,2026-05-15,2026-W20,D.0019__FL01__ร้านค้า_1,7414.0,kWh,,
forms/2026-W20.csv,2026-05-15,2026-W20,D.0019__FL01__ร้านค้า_3,1242.0,kWh,,
forms/2026-W20.csv,2026-05-15,2026-W20,D.0019__FL01__ร้านค้า_4,5905.0,kWh,,
forms/2026-W20.csv,2026-05-15,2026-W20,D.0019__FL01__ร้านค้า_5,4537.0,kWh,,
forms/2026-W20.csv,2026-05-15,2026-W20,D.0019__FL01__ร้านค้า_6,1578.0,kWh,,
forms/2026-W20.csv,2026-05-15,2026-W20,T.0006__FL01__MDB,5.573,MWh,,
forms/2026-W20.csv,2026-05-15,2026-W20,D.0025__FL01__MDB,24.462,MWh,,
forms/2026-W20.csv,2026-05-15,2026-W20,T.0022__FL01__MDB,1122.0,kWh,,
forms/2026-W20.csv,2026-05-15,2026-W20,T.0023__FL01__MDB,5793.0,kWh,,
forms/2026-W20.csv,2026-05-15,2026-W20,T.0025__FL01__MDB,3083.0,kWh,,
forms/2026-W20.csv,2026-05-15,2026-W20,T.0026__FL01__MDB,674.11,MWh,,
forms/2026-W20.csv,2026-05-15,2026-W20,T.0027__FL01__MDB,273.9,MWh,,
forms/2026-W20.csv,2026-05-15,2026-W20,T.0028__FL01__MDB,284.29,MWh,,
forms/2026-W20.csv,2026-05-15,2026-W20,T.0029__FL01__MDB,362.05,MWh,,
forms/2026-W20.csv,2026-05-15,2026-W20,D.0031__FL01__MDB,43.1,MWh,,
forms/2026-W20.csv,2026-05-15,2026-W20,T.0007__FL01__MDB,17.015,MWh,,
forms/2026-W20.csv,2026-05-15,2026-W20,D.0031__FL01__ร้านค้า_1,3377.0,kWh,,
forms/2026-W20.csv,2026-05-15,2026-W20,B.0001__FL01__MDB,8051.0,kWh,,
forms/2026-W20.csv,2026-05-15,2026-W20,T.0019__FL01__Main,786075.82,kWh,,
forms/2026-W20.csv,2026-05-15,2026-W20,T.0019__FL01__LP1,97198.89,kWh,,
forms/2026-W20.csv,2026-05-15,2026-W20,T.0019__FL01__PP1,239494.27,kWh,,
forms/2026-W20.csv,2026-05-15,2026-W20,T.0019__FL01__AP1,186766.37,kWh,,
forms/2026-W20.csv,2026-05-15,2026-W20,T.0019__FL01__EMDB_1,193292.65,kWh,,
forms/2026-W20.csv,2026-05-15,2026-W20,T.0019__FL03__SCB_3,117006.44,kWh,,
forms/2026-W20.csv,2026-05-15,2026-W20,T.0019__FL03__LP3,19131.41,kWh,,
forms/2026-W20.csv,2026-05-15,2026-W20,T.0008__FL01__MDB,2.0911,kWh,,
forms/2026-W20.csv,2026-05-15,2026-W20,T.0019__FL03__PP3,27367.76,kWh,,
forms/2026-W20.csv,2026-05-15,2026-W20,T.0019__FL03__AP3,36041.04,kWh,,
forms/2026-W20.csv,2026-05-15,2026-W20,T.0019__FL04__SCB_4,348812.28,kWh,,
forms/2026-W20.csv,2026-05-15,2026-W20,T.0019__FL04__LP4,119897.18,kWh,,
forms/2026-W20.csv,2026-05-15,2026-W20,T.0019__FL04__PP41,66552.68,kWh,,
forms/2026-W20.csv,2026-05-15,2026-W20,T.0019__FL04__PP42,33058.86,kWh,,
forms/2026-W20.csv,2026-05-15,2026-W20,T.0019__FL04__AP4,73943.42,kWh,,
forms/2026-W20.csv,2026-05-15,2026-W20,T.0019__FL05__SCB_5,218989.96,kWh,,
forms/2026-W20.csv,2026-05-15,2026-W20,T.0019__FL05__LP5,78394.2,kWh,,
forms/2026-W20.csv,2026-05-15,2026-W20,T.0019__FL05__PP51,18241.36,kWh,,
forms/2026-W20.csv,2026-05-15,2026-W20,T.0019__FL05__PP52,20775.95,kWh,,
forms/2026-W20.csv,2026-05-15,2026-W20,T.0019__FL05__AP5,67074.08,kWh,,
forms/2026-W20.csv,2026-05-15,2026-W20,T.0019__FL06__SCB_6,212344.21,kWh,,
forms/2026-W20.csv,2026-05-15,2026-W20,T.0019__FL06__LP6,71639.02,kWh,,
forms/2026-W20.csv,2026-05-15,2026-W20,T.0019__FL06__PP61,18888.38,kWh,,
forms/2026-W20.csv,2026-05-15,2026-W20,T.0019__FL06__PP62,9188.56,kWh,,
forms/2026-W20.csv,2026-05-15,2026-W20,T.0019__FL06__AP6,63738.05,kWh,,
forms/2026-W20.csv,2026-05-15,2026-W20,T.0019__FL07__SCB_7,272622.69,kWh,,
forms/2026-W20.csv,2026-05-15,2026-W20,T.0019__FL07__LP7,102699.43,kWh,,
forms/2026-W20.csv,2026-05-15,2026-W20,T.0010__FL01__MDB,77.598,kWh,,
forms/2026-W20.csv,2026-05-15,2026-W20,T.0019__FL07__PP71,31000.07,kWh,,
forms/2026-W20.csv,2026-05-15,2026-W20,T.0019__FL07__PP72,30048.07,kWh,,
forms/2026-W20.csv,2026-05-15,2026-W20,T.0019__FL07__AP7,33503.17,kWh,,
forms/2026-W20.csv,2026-05-15,2026-W20,T.0019__FL08__SCB_8,257974.05,kWh,,
forms/2026-W20.csv,2026-05-15,2026-W20,T.0019__FL08__LP8,76209.87,kWh,,
forms/2026-W20.csv,2026-05-15,2026-W20,T.0019__FL08__PP81,49694.91,kWh,,
forms/2026-W20.csv,2026-05-15,2026-W20,T.0019__FL08__PP82,5940.51,kWh,,
forms/2026-W20.csv,2026-05-15,2026-W20,T.0019__FL08__AP8,61997.45,kWh,,
forms/2026-W20.csv,2026-05-15,2026-W20,T.0019__FL09__SCB_9,411249.24,kWh,,
forms/2026-W20.csv,2026-05-15,2026-W20,T.0019__FL09__LP9,41069.97,kWh,,
forms/2026-W20.csv,2026-05-15,2026-W20,T.0019__FL09__PP91,26689.87,kWh,,
forms/2026-W20.csv,2026-05-15,2026-W20,T.0019__FL09__PP92,29432.53,kWh,,
forms/2026-W20.csv,2026-05-15,2026-W20,T.0019__FL09__AP9,64568.58,kWh,,
forms/2026-W20.csv,2026-05-15,2026-W20,T.0019__FL09__PPD,252694.28,kWh,,
forms/2026-W20.csv,2026-05-15,2026-W20,T.0019__FL09__PPAC_1,119185.28,kWh,,
forms/2026-W20.csv,2026-05-15,2026-W20,T.0019__FL09__PPAC_2,110863.53,kWh,,
forms/2026-W20.csv,2026-05-15,2026-W20,T.0019__FL09__PPAC_3,44533.15,kWh,,
forms/2026-W20.csv,2026-05-15,2026-W20,T.0019__FL09__BP,11511.14,kWh,,
forms/2026-W20.csv,2026-05-15,2026-W20,T.0019__FL09__PPL,111188.35,kWh,,
forms/2026-W20.csv,2026-05-15,2026-W20,T.0020__FL01__SCB_21,64254.54,kWh,,
forms/2026-W20.csv,2026-05-15,2026-W20,T.0012__FL01__MDB,312939.85,kWh,,
forms/2026-W20.csv,2026-05-15,2026-W20,T.0020__FL01__LP21,36906.76,kWh,,
forms/2026-W20.csv,2026-05-15,2026-W20,T.0020__FL01__PP21,52390.9,kWh,,
forms/2026-W20.csv,2026-05-15,2026-W20,T.0020__FL01__AP21,24092.69,kWh,,
forms/2026-W20.csv,2026-05-15,2026-W20,T.0020__FL02__SCB_22,126461.49,kWh,,
forms/2026-W20.csv,2026-05-15,2026-W20,T.0020__FL01__LP22,0.64,kWh,,
forms/2026-W20.csv,2026-05-15,2026-W20,T.0020__FL01__PP22,2.55,kWh,,
forms/2026-W20.csv,2026-05-15,2026-W20,T.0020__FL01__AP22,29.79,kWh,,
forms/2026-W20.csv,2026-05-15,2026-W20,T.0020__FL03__SCB_23,95710.86,kWh,,
forms/2026-W20.csv,2026-05-15,2026-W20,T.0020__FL01__LP23,0.0,kWh,,
forms/2026-W20.csv,2026-05-15,2026-W20,T.0020__FL01__PP23,35.33,kWh,,
